{
   "dashboards": [{
      "autoswitchEnabled": false,
      "columnCount": 1,
      "columnProportion": "1-1",
      "creationTime": 1650916078987,
      "dashboardNavigations": {},
      "description": "",
      "disabled": false,
      "gridsterMaxColumns": 12,
      "hidden": false,
      "homeTab": false,
      "id": "3c1f8188-2609-432f-afe4-9f45e6a8d282",
      "importAttempts": 0,
      "importComplete": true,
      "lastUpdateTime": 1678967069934,
      "lastUpdateUserId": "287ed085-c6ca-4255-b69c-956f1665ed51",
      "locked": false,
      "name": "Custom Dashboards/Datastore Details",
      "namePath": "Custom Dashboards",
      "rank": 0,
      "shared": false,
      "states": [{
         "key": "permDashboardTime_dashboard_3c1f8188-2609-432f-afe4-9f45e6a8d282",
         "value": "o%3AdateRange%3Ds%253Alast90Days%5EdateRangeText%3Ds%253ALast%252090%2520days"
      }],
      "temporary": false,
      "userId": "287ed085-c6ca-4255-b69c-956f1665ed51",
      "widgetInteractions": [
         {
            "type": "resourceId",
            "widgetIdProvider": "8547c34d-7bee-4cc9-821d-fa120420452f",
            "widgetIdReceiver": "fabb6628-b53a-47db-ad5d-911042f06244"
         },
         {
            "type": "resourceId",
            "widgetIdProvider": "8547c34d-7bee-4cc9-821d-fa120420452f",
            "widgetIdReceiver": "ccc14b0d-62e4-47c3-8a8f-925b13bf3144"
         }
      ],
      "widgets": [
         {
            "collapsed": false,
            "config": {
               "boxColumns": 3,
               "boxHeight": null,
               "customFilter": {
                  "excludedResources": null,
                  "filter": [],
                  "includedResources": null
               },
               "depth": 1,
               "labelSize": 16,
               "maxCellCount": 100,
               "metric": {
                  "mode": "resourceKind",
                  "resourceKindMetrics": [
                     {
                        "colorMethod": 1,
                        "handleOldColoring": false,
                        "id": "extModel8108-1",
                        "isStringMetric": false,
                        "link": "",
                        "metricKey": "datastore|numberReadAveraged_average",
                        "metricName": "Datastore|Read IOPS",
                        "orangeBound": null,
                        "redBound": null,
                        "resourceKindId": "resourceKind:id:0_::_",
                        "resourceKindName": "Datastore",
                        "yellowBound": null
                     },
                     {
                        "colorMethod": 1,
                        "handleOldColoring": false,
                        "id": "extModel8108-2",
                        "isStringMetric": false,
                        "link": "",
                        "metricKey": "datastore|totalReadLatency_average",
                        "metricName": "Datastore|Read Latency",
                        "metricUnitId": -1,
                        "orangeBound": null,
                        "redBound": null,
                        "resourceKindId": "resourceKind:id:0_::_",
                        "resourceKindName": "Datastore",
                        "unit": "Auto",
                        "yellowBound": null
                     },
                     {
                        "colorMethod": 1,
                        "handleOldColoring": false,
                        "id": "extModel8108-3",
                        "isStringMetric": false,
                        "link": "",
                        "metricKey": "datastore|read_average",
                        "metricName": "Datastore|Read Throughput",
                        "metricUnitId": -1,
                        "orangeBound": null,
                        "redBound": null,
                        "resourceKindId": "resourceKind:id:0_::_",
                        "resourceKindName": "Datastore",
                        "unit": "Auto",
                        "yellowBound": null
                     },
                     {
                        "colorMethod": 1,
                        "handleOldColoring": false,
                        "id": "extModel8108-6",
                        "isStringMetric": false,
                        "link": "",
                        "metricKey": "datastore|numberWriteAveraged_average",
                        "metricName": "Datastore|Write IOPS",
                        "orangeBound": null,
                        "redBound": null,
                        "resourceKindId": "resourceKind:id:0_::_",
                        "resourceKindName": "Datastore",
                        "yellowBound": null
                     },
                     {
                        "colorMethod": 1,
                        "handleOldColoring": false,
                        "id": "extModel8108-7",
                        "isStringMetric": false,
                        "link": "",
                        "metricKey": "datastore|totalWriteLatency_average",
                        "metricName": "Datastore|Write Latency",
                        "metricUnitId": -1,
                        "orangeBound": null,
                        "redBound": null,
                        "resourceKindId": "resourceKind:id:0_::_",
                        "resourceKindName": "Datastore",
                        "unit": "Auto",
                        "yellowBound": null
                     },
                     {
                        "colorMethod": 1,
                        "handleOldColoring": false,
                        "id": "extModel8108-8",
                        "isStringMetric": false,
                        "link": "",
                        "metricKey": "datastore|write_average",
                        "metricName": "Datastore|Write Throughput",
                        "metricUnitId": -1,
                        "orangeBound": null,
                        "redBound": null,
                        "resourceKindId": "resourceKind:id:0_::_",
                        "resourceKindName": "Datastore",
                        "unit": "Auto",
                        "yellowBound": null
                     },
                     {
                        "colorMethod": 1,
                        "handleOldColoring": false,
                        "id": "extModel8108-9",
                        "isStringMetric": false,
                        "link": "",
                        "metricKey": "datastore|demand_oio",
                        "metricName": "Datastore|Outstanding IO requests",
                        "metricUnitId": -1,
                        "orangeBound": null,
                        "redBound": null,
                        "resourceKindId": "resourceKind:id:0_::_",
                        "resourceKindName": "Datastore",
                        "unit": "Auto",
                        "yellowBound": null
                     },
                     {
                        "colorMethod": 1,
                        "handleOldColoring": false,
                        "id": "extModel8108-4",
                        "isStringMetric": false,
                        "link": "",
                        "metricKey": "datastore|totalLatency_average",
                        "metricName": "Datastore|Total Latency",
                        "metricUnitId": -1,
                        "orangeBound": null,
                        "redBound": null,
                        "resourceKindId": "resourceKind:id:0_::_",
                        "resourceKindName": "Datastore",
                        "unit": "Auto",
                        "yellowBound": null
                     },
                     {
                        "colorMethod": 1,
                        "handleOldColoring": false,
                        "id": "extModel8108-5",
                        "isStringMetric": false,
                        "link": "",
                        "metricKey": "datastore|usage_average",
                        "metricName": "Datastore|Total Throughput",
                        "metricUnitId": -1,
                        "orangeBound": null,
                        "redBound": null,
                        "resourceKindId": "resourceKind:id:0_::_",
                        "resourceKindName": "Datastore",
                        "unit": "Auto",
                        "yellowBound": null
                     }
                  ],
                  "resourceMetrics": [],
                  "subMode": "resourceKindAll"
               },
               "mode": {"layoutMode": "fixedView"},
               "oldMetricValues": false,
               "periodLength": "dashboardTime",
               "refreshContent": {"refreshContent": true},
               "refreshInterval": 300,
               "relationshipMode": {"relationshipMode": 0},
               "resInteractionMode": null,
               "resource": [],
               "roundDecimals": 1,
               "selfProvider": {"selfProvider": false},
               "showDT": {"showDT": false},
               "showMetricName": {"showMetricName": true},
               "showMetricUnit": {"showMetricUnit": true},
               "showResourceName": {"showResourceName": false},
               "showSparkline": {"showSparkline": true},
               "title": "Performance Scoreboard (for selected Datastore)",
               "valueSize": 24,
               "visualTheme": 6
            },
            "gridsterCoords": {
               "h": 5,
               "w": 6,
               "x": 1,
               "y": 18
            },
            "height": 266,
            "id": "fabb6628-b53a-47db-ad5d-911042f06244",
            "title": "Performance Scoreboard (for selected Datastore)",
            "type": "Scoreboard"
         },
         {
            "collapsed": false,
            "config": {
               "chartViewItems": [],
               "isUpdatedView": true,
               "refreshContent": {"refreshContent": true},
               "refreshInterval": 300,
               "resource": {
                  "id": "Ext.vcops.chrome.model.Resource-161",
                  "resourceId": "resource:id:0_::_",
                  "resourceKindId": "002006VMWAREvSphere World",
                  "resourceName": "vSphere World",
                  "traversalSpecId": ""
               },
               "selectFirstRow": {"selectFirstRow": true},
               "selfProvider": {"selfProvider": true},
               "title": "Datastore Details",
               "traversalSpecId": null,
               "viewDefinitionId": "f289088d-a6bb-4cf0-9d49-d767c709ae76"
            },
            "gridsterCoords": {
               "h": 7,
               "w": 12,
               "x": 1,
               "y": 11
            },
            "height": 380,
            "id": "8547c34d-7bee-4cc9-821d-fa120420452f",
            "states": [
               {
                  "key": "perm_isDashboardTime_widget_3c1f8188-2609-432f-afe4-9f45e6a8d282_8547c34d-7bee-4cc9-821d-fa120420452f",
                  "value": "b%3A0"
               },
               {
                  "key": "permSelectedDate_widget_3c1f8188-2609-432f-afe4-9f45e6a8d282_8547c34d-7bee-4cc9-821d-fa120420452f",
                  "value": "s%3A%7B%22minType%22%3A%22.TimeIntervalControl%22%2C%22advancedTimeMode%22%3Afalse%2C%22fromTime%22%3Anull%2C%22unit%22%3A%22DAYS%22%2C%22count%22%3A7%2C%22priorUnit%22%3Anull%2C%22priorCount%22%3Anull%2C%22startSubUnit%22%3Anull%2C%22startPeriod%22%3Anull%2C%22toTime%22%3Anull%2C%22endUnit%22%3Anull%2C%22endCount%22%3Anull%2C%22endSubUnit%22%3Anull%2C%22endPeriod%22%3Anull%2C%22isRealTimeData%22%3Anull%2C%22mondayHours%22%3A%5B%5D%2C%22tuesdayHours%22%3A%5B%5D%2C%22wednesdayHours%22%3A%5B%5D%2C%22thursdayHours%22%3A%5B%5D%2C%22fridayHours%22%3A%5B%5D%2C%22saturdayHours%22%3A%5B%5D%2C%22sundayHours%22%3A%5B%5D%7D"
               }
            ],
            "title": "Datastore Details",
            "type": "View"
         },
         {
            "collapsed": false,
            "config": {
               "customFilter": {
                  "excludedResources": null,
                  "filter": [],
                  "includedResources": null
               },
               "depth": 1,
               "metric": {
                  "mode": "resourceKind",
                  "resourceKindMetrics": [{
                     "colorMethod": 2,
                     "handleOldColoring": false,
                     "id": "extModel31893-1",
                     "isStringMetric": false,
                     "metricKey": "capacity|usedSpacePct",
                     "metricName": "Capacity|Used Space",
                     "metricUnitId": "percent",
                     "orangeBound": null,
                     "redBound": null,
                     "resourceKindId": "resourceKind:id:0_::_",
                     "resourceKindName": "Datastore",
                     "unit": "%",
                     "yellowBound": null
                  }],
                  "resourceMetrics": [],
                  "subMode": "resourceKindAll"
               },
               "refreshContent": {"refreshContent": true},
               "refreshInterval": 300,
               "relationshipMode": {"relationshipMode": 0},
               "resInteractionMode": null,
               "resource": [],
               "selfProvider": {"selfProvider": false},
               "title": "Metric Chart (for selected Datastore)"
            },
            "gridsterCoords": {
               "h": 5,
               "w": 6,
               "x": 7,
               "y": 18
            },
            "height": 267,
            "id": "ccc14b0d-62e4-47c3-8a8f-925b13bf3144",
            "states": [
               {
                  "key": "permDateRange1_permMetricChart_widget_3c1f8188-2609-432f-afe4-9f45e6a8d282_ccc14b0d-62e4-47c3-8a8f-925b13bf3144",
                  "value": "s%3A%7B%22dateRange%22%3A%22dashboardTime%22%2C%22dateFrom%22%3Anull%2C%22dateTo%22%3Anull%2C%22timeFrom%22%3Anull%2C%22timeTo%22%3Anull%7D"
               },
               {
                  "key": "permMetricChart_widget_3c1f8188-2609-432f-afe4-9f45e6a8d282_ccc14b0d-62e4-47c3-8a8f-925b13bf3144",
                  "value": "o%3A"
               },
               {
                  "key": "perm_toolbarVisible_widget_3c1f8188-2609-432f-afe4-9f45e6a8d282_ccc14b0d-62e4-47c3-8a8f-925b13bf3144",
                  "value": "b%3A0"
               },
               {
                  "key": "permBtn_zoomAllGraphs_permMetricChart_widget_3c1f8188-2609-432f-afe4-9f45e6a8d282_ccc14b0d-62e4-47c3-8a8f-925b13bf3144",
                  "value": "b%3A0"
               },
               {
                  "key": "permBtn_pan_permMetricChart_widget_3c1f8188-2609-432f-afe4-9f45e6a8d282_ccc14b0d-62e4-47c3-8a8f-925b13bf3144",
                  "value": "b%3A0"
               }
            ],
            "title": "Metric Chart (for selected Datastore)",
            "type": "MetricChart"
         },
         {
            "collapsed": false,
            "config": {
               "chartViewItems": ["legend"],
               "isUpdatedView": true,
               "refreshContent": {"refreshContent": true},
               "refreshInterval": 300,
               "resource": {
                  "id": "Ext.vcops.chrome.model.Resource-2",
                  "resourceId": "resource:id:0_::_",
                  "resourceKindId": "002006VMWAREvSphere World",
                  "resourceName": "vSphere World",
                  "traversalSpecId": ""
               },
               "selectFirstRow": {"selectFirstRow": false},
               "selfProvider": {"selfProvider": true},
               "title": "Datastore Capacity Used",
               "traversalSpecId": null,
               "viewDefinitionId": "600927de-437a-403f-8c74-1177711e0c02"
            },
            "gridsterCoords": {
               "h": 10,
               "w": 12,
               "x": 1,
               "y": 1
            },
            "height": 552,
            "id": "2be21f51-4a93-4684-a15d-203fcd3012d1",
            "states": [
               {
                  "key": "perm_isDashboardTime_widget_3c1f8188-2609-432f-afe4-9f45e6a8d282_2be21f51-4a93-4684-a15d-203fcd3012d1",
                  "value": "b%3A0"
               },
               {
                  "key": "perm_toolbarVisible_widget_3c1f8188-2609-432f-afe4-9f45e6a8d282_2be21f51-4a93-4684-a15d-203fcd3012d1",
                  "value": "b%3A1"
               }
            ],
            "title": "Datastore Capacity Used",
            "type": "View"
         }
      ]
   }],
   "entries": {
      "resource": [{
         "adapterKindKey": "VMWARE",
         "identifiers": [],
         "internalId": "resource:id:0_::_",
         "name": "vSphere World",
         "resourceKindKey": "vSphere World"
      }],
      "resourceKind": [{
         "adapterKindKey": "VMWARE",
         "internalId": "resourceKind:id:0_::_",
         "resourceKindKey": "Datastore"
      }]
   },
   "uuid": "43efa284-b440-4439-a32b-4b143c792cfb"
}